,train_loss,val_loss,lr
0,1.0694710164757097,0.6869710377744727,0.001
